Auto-update on Wed Jul 30 09:15:45 UTC 2025
Auto-update on Thu Jul 31 00:47:36 UTC 2025
Auto-update on Fri Aug  1 00:54:40 UTC 2025
Auto-update on Sat Aug  2 00:44:50 UTC 2025
Auto-update on Sun Aug  3 00:53:48 UTC 2025
Auto-update on Mon Aug  4 00:53:22 UTC 2025
Auto-update on Tue Aug  5 00:49:36 UTC 2025
Auto-update on Wed Aug  6 00:48:25 UTC 2025
Auto-update on Thu Aug  7 00:49:30 UTC 2025
Auto-update on Fri Aug  8 00:48:30 UTC 2025
Auto-update on Sat Aug  9 00:43:14 UTC 2025
Auto-update on Sun Aug 10 00:51:59 UTC 2025
Auto-update on Mon Aug 11 00:50:12 UTC 2025
Auto-update on Tue Aug 12 00:43:45 UTC 2025
Auto-update on Wed Aug 13 00:44:33 UTC 2025
Auto-update on Thu Aug 14 00:44:19 UTC 2025
Auto-update on Fri Aug 15 00:44:56 UTC 2025
Auto-update on Sat Aug 16 00:41:46 UTC 2025
Auto-update on Sun Aug 17 00:49:16 UTC 2025
Auto-update on Mon Aug 18 00:48:57 UTC 2025
Auto-update on Tue Aug 19 00:43:01 UTC 2025
Auto-update on Wed Aug 20 00:41:06 UTC 2025
Auto-update on Thu Aug 21 00:40:08 UTC 2025
Auto-update on Fri Aug 22 00:41:38 UTC 2025
Auto-update on Sat Aug 23 00:39:46 UTC 2025
Auto-update on Sun Aug 24 00:46:56 UTC 2025
Auto-update on Mon Aug 25 00:43:32 UTC 2025
Auto-update on Tue Aug 26 00:41:41 UTC 2025
Auto-update on Wed Aug 27 00:40:52 UTC 2025
Auto-update on Thu Aug 28 00:40:16 UTC 2025
Auto-update on Fri Aug 29 00:40:37 UTC 2025
Auto-update on Sat Aug 30 00:38:12 UTC 2025
Auto-update on Sun Aug 31 00:44:04 UTC 2025
Auto-update on Mon Sep  1 00:50:58 UTC 2025
Auto-update on Tue Sep  2 00:40:59 UTC 2025
Auto-update on Wed Sep  3 00:38:22 UTC 2025
Auto-update on Thu Sep  4 00:38:50 UTC 2025
Auto-update on Fri Sep  5 00:39:39 UTC 2025
Auto-update on Sat Sep  6 00:37:57 UTC 2025
Auto-update on Sun Sep  7 00:43:38 UTC 2025
Auto-update on Mon Sep  8 00:42:30 UTC 2025
Auto-update on Tue Sep  9 00:40:10 UTC 2025
Auto-update on Wed Sep 10 00:39:11 UTC 2025
Auto-update on Thu Sep 11 00:39:48 UTC 2025
Auto-update on Fri Sep 12 00:38:29 UTC 2025
Auto-update on Sat Sep 13 00:36:51 UTC 2025
Auto-update on Sun Sep 14 00:42:45 UTC 2025
Auto-update on Mon Sep 15 00:43:13 UTC 2025
Auto-update on Tue Sep 16 00:38:56 UTC 2025
Auto-update on Wed Sep 17 00:39:15 UTC 2025
Auto-update on Thu Sep 18 00:38:29 UTC 2025
Auto-update on Fri Sep 19 00:40:34 UTC 2025
Auto-update on Sat Sep 20 00:37:58 UTC 2025
Auto-update on Sun Sep 21 00:43:48 UTC 2025
Auto-update on Mon Sep 22 00:43:34 UTC 2025
Auto-update on Tue Sep 23 00:39:29 UTC 2025
Auto-update on Wed Sep 24 00:40:11 UTC 2025
Auto-update on Thu Sep 25 00:40:09 UTC 2025
Auto-update on Fri Sep 26 00:39:33 UTC 2025
Auto-update on Sat Sep 27 00:38:13 UTC 2025
Auto-update on Sun Sep 28 00:44:37 UTC 2025
Auto-update on Mon Sep 29 00:41:37 UTC 2025
Auto-update on Tue Sep 30 00:40:19 UTC 2025
Auto-update on Wed Oct  1 00:45:34 UTC 2025
Auto-update on Thu Oct  2 00:38:33 UTC 2025
Auto-update on Fri Oct  3 00:38:51 UTC 2025
Auto-update on Sat Oct  4 00:36:46 UTC 2025
Auto-update on Sun Oct  5 00:43:42 UTC 2025
Auto-update on Mon Oct  6 00:40:50 UTC 2025
Auto-update on Tue Oct  7 00:39:24 UTC 2025
Auto-update on Wed Oct  8 00:39:12 UTC 2025
Auto-update on Thu Oct  9 00:39:42 UTC 2025
Auto-update on Fri Oct 10 00:39:30 UTC 2025
Auto-update on Sat Oct 11 00:37:23 UTC 2025
Auto-update on Sun Oct 12 00:41:55 UTC 2025
Auto-update on Mon Oct 13 00:43:29 UTC 2025
Auto-update on Tue Oct 14 00:39:18 UTC 2025
Auto-update on Wed Oct 15 00:41:17 UTC 2025
Auto-update on Thu Oct 16 00:41:14 UTC 2025
Auto-update on Fri Oct 17 00:40:34 UTC 2025
Auto-update on Sat Oct 18 00:38:10 UTC 2025
Auto-update on Sun Oct 19 00:45:29 UTC 2025
Auto-update on Mon Oct 20 00:44:11 UTC 2025
Auto-update on Tue Oct 21 00:41:27 UTC 2025
Auto-update on Wed Oct 22 00:42:40 UTC 2025
Auto-update on Thu Oct 23 00:41:09 UTC 2025
Auto-update on Fri Oct 24 00:38:20 UTC 2025
Auto-update on Sat Oct 25 00:40:05 UTC 2025
Auto-update on Sun Oct 26 00:44:19 UTC 2025
Auto-update on Mon Oct 27 00:45:43 UTC 2025
Auto-update on Tue Oct 28 00:40:20 UTC 2025
Auto-update on Wed Oct 29 00:43:31 UTC 2025
Auto-update on Thu Oct 30 00:43:14 UTC 2025
Auto-update on Fri Oct 31 00:41:37 UTC 2025
Auto-update on Sat Nov  1 00:45:06 UTC 2025
Auto-update on Sun Nov  2 00:45:16 UTC 2025
Auto-update on Mon Nov  3 00:44:49 UTC 2025
Auto-update on Tue Nov  4 00:42:12 UTC 2025
Auto-update on Wed Nov  5 00:43:42 UTC 2025
Auto-update on Thu Nov  6 00:42:29 UTC 2025
Auto-update on Fri Nov  7 00:42:54 UTC 2025
Auto-update on Sat Nov  8 00:40:00 UTC 2025
Auto-update on Sun Nov  9 00:45:14 UTC 2025
Auto-update on Mon Nov 10 00:45:09 UTC 2025
Auto-update on Tue Nov 11 00:43:39 UTC 2025
Auto-update on Wed Nov 12 00:43:13 UTC 2025
Auto-update on Thu Nov 13 00:42:57 UTC 2025
Auto-update on Fri Nov 14 00:43:26 UTC 2025
Auto-update on Sat Nov 15 00:41:58 UTC 2025
Auto-update on Sun Nov 16 00:46:34 UTC 2025
Auto-update on Mon Nov 17 00:44:31 UTC 2025
Auto-update on Tue Nov 18 00:42:42 UTC 2025
Auto-update on Wed Nov 19 00:43:05 UTC 2025
Auto-update on Thu Nov 20 00:41:56 UTC 2025
Auto-update on Fri Nov 21 00:42:39 UTC 2025
Auto-update on Sat Nov 22 00:41:11 UTC 2025
Auto-update on Sun Nov 23 00:50:28 UTC 2025
Auto-update on Mon Nov 24 00:46:26 UTC 2025
Auto-update on Tue Nov 25 00:41:47 UTC 2025
Auto-update on Wed Nov 26 00:43:23 UTC 2025
Auto-update on Thu Nov 27 00:42:20 UTC 2025
Auto-update on Fri Nov 28 00:41:52 UTC 2025
Auto-update on Sat Nov 29 00:41:43 UTC 2025
Auto-update on Sun Nov 30 00:50:18 UTC 2025
Auto-update on Mon Dec  1 00:54:28 UTC 2025
Auto-update on Tue Dec  2 00:44:18 UTC 2025
Auto-update on Wed Dec  3 00:43:47 UTC 2025
Auto-update on Thu Dec  4 00:44:15 UTC 2025
